,Titulo,Autor,NotaMedia,Rango,NumVotos,NumCriticas,Genero,Editorial,AñoEdicion,Resumen
0,LAS LEGIONES MALDITAS,"POSTEGUILLO, SANTIAGO","8,64",Muy bueno,1.284,176,Histórica y aventuras,EDICIONES B,2008,"La historia de las legiones que desafiaron a Aníbal. Publio Cornelio Escipión, conocido por el apodo de Africanus, era considerado por muchos el heredero de las cualidades militares atribuidas a su padre y a su tío. Pero de ellos no sólo había recibido estos magníficos atributos, sino también alguno...
										
									"
1,TORMENTA DE ESPADAS. (CANCIÓN DE HIELO Y FUEGO 3),"MARTIN, GEORGE R.R.","8,58",Muy bueno,2.440,121,"Fantástica, ciencia ficción",GIGAMESH,2006,"Las huestes de los fugaces reyes de Poniente, descompuestas en hordas, asuelan y esquilman una tierra castigada por la guerra e indefensa ante un invierno que se anuncia inusitadamente crudo. Las alianzas nacen y se desvanecen como volutas de humo bajo el viento helado del Norte. Ajena a las intriga...
										
									"
2,JUEGO DE TRONOS. (CANCIÓN DE HIELO Y FUEGO 1),"MARTIN, GEORGE R.R.","8,47",Muy bueno,3.286,228,"Fantástica, ciencia ficción",GIGAMESH,2011,"Tras el largo verano, el invierno se acerca a los Siete Reinos. Lord Eddard Stark, señor de Invernalia, deja sus dominios para unirse a la corte del rey Robert Baratheon el Usurpador, hombre díscolo y otrora guerrero audaz cuyas mayores aficiones son comer, beber y engendrar bastardos. Eddard Stark...
										
									"
3,AFRICANUS. El hijo del cónsul,"POSTEGUILLO, SANTIAGO","8,47",Muy bueno,1.414,196,Histórica y aventuras,EDICIONES B,2008,"A finales del siglo III a. C., Roma se encontraba al borde de la destrucción total, a punto de ser aniquilada por los ejércitos cartagineses al mando de uno de los mejores estrategas militares de todos los tiempos: Aníbal. Su alianza con Filipo V de Macedonia, que pretendía la aniquilación de Roma c...
										
									"
4,LOS MISERABLES,VÍCTOR HUGO,"8,46",Muy bueno,1.522,182,Clásicos de la literatura,AUSTRAL,2012,"«Novela, por supuesto, pero también es Historia; historia de los acontecimientos que cambian la faz del mundo, historia social, historia de las mentalidades. Sin olvidar, la dimensión poética, el aliento épico que insufla a la mayoría de sus capítulos. Con ello, el héroe, Jean Valjean, se convierte...
										
									"
5,EL PADRINO,"PUZO, MARIO","8,45",Muy bueno,1.118,105,"Novela negra, intriga, terror",EDICIONES B,2009,"La publicación de El Padrino en 1969 supuso una convulsión en el mundo literario. Por primera vez, la Mafia protagonizaba una novela y era retratada desde dentro con acierto y verosimilitud. Mario Puzo la presentaba no como una mera asociación de facinerosos, sino como una compleja sociedad con una...
										
									"
6,EL CONDE DE MONTECRISTO,"DUMAS, ALEJANDRO (Alexandre Dumas)","8,41",Muy bueno,1.737,160,Histórica y aventuras,DEBOLSILLO,2009,"Un clásico de enorme poder de sugestión, a través de la figura del hombre solitario que, luego de sobrevivir a la injusta condena y la miserable prisión, regresa para hacer justicia. Retrato de época, romántico, crítico y social, por un genio del siglo XIX.
										
									"
7,PATRIA,"ARAMBURU, FERNANDO","8,41",Muy bueno,1.572,331,Narrativa,TUSQUETS,2016,"El día en que ETA anuncia el abandono de las armas, Bittori se dirige al cementerio para contarle a la tumba de su marido el Txato, asesinado por los terroristas, que ha decidido volver a la casa donde vivieron. ¿Podrá convivir con quienes la acosaron antes y después del atentado que trastocó su vid...
										
									"
8,EL TEMOR DE UN HOMBRE SABIO,"ROTHFUSS, PATRICK","8,39",Muy bueno,1.899,145,"Fantástica, ciencia ficción",PLAZA & JANÉS,2011,"Músico, mendigo, ladrón, estudiante, mago, héroe y asesino. Kvothe es un personaje legendario, el héroe o el villano de miles de historias que circulan entre la gente. Todos le dan por muerto, cuando en realidad se ha ocultado con un nombre falso en una aldea perdida. Allí simplemente es el taciturn...
										
									"
9,MIL SOLES ESPLÉNDIDOS,"HOSSEINI, KHALED","8,39",Muy bueno,1.844,303,Ficción literaria,SALAMANDRA,2007,"El libro cuenta la conmovedora historia de amistad entre dos mujeres afganas de orígenes muy dispares, cuyos destinos se entrelazan por obra del azar y de las convulsiones que ha sufrido Afganistán en los últimos treinta años. Hija ilegítima de un rico hombre de negocios, Mariam se cría con su madre...
										
									"
10,EL SEÑOR DE LOS ANILLOS III. El Retorno del Rey,"TOLKIEN, J.R.R. (John Ronald Reuel Tolkien)","8,3",Muy bueno,2.727,55,"Fantástica, ciencia ficción",MINOTAURO,2006,"Los ejércitos del Señor Oscuro van extendiendo cada vez más su maléfica sombra por la Tierra Media. Hombres, elfos y enanos unen sus fuerzas para presentar batalla a Sauron y sus huestes. Ajenos a estos preparativos, Frodo y Sam siguen adentrándose en el país de Mordor en su heroico viaje para destr...
										
									"
11,CIEN AÑOS DE SOLEDAD,"GARCÍA MÁRQUEZ, GABRIEL","8,27",Muy bueno,4.604,404,Literatura contemporánea,ALFAGUARA,2007,"«Muchos años después, frente al pelotón de fusilamiento, el coronel Aureliano Buendía había de recordar aquella tarde remota en que su padre lo llevó a conocer el hielo.» Con estas palabras empieza una novela ya legendaria en los anales de la literatura universal, una de las aventuras literarias más...
										
									"
12,1984,"ORWELL, GEORGE","8,26",Muy bueno,4.136,312,Literatura contemporánea,DEBOLSILLO,2018,"Inquietante interpretación futurista basada en la crítica a los totalitarismos y a la opresión del poder, situada en 1984 en una sociedad inglesa dominada por un sistema de ""colectivismo burocrático"" controlada por el Gran Hermano. Londres, 1984: Winston Smith decide rebelarse ante un gobierno total...
										
									"
13,COMETAS EN EL CIELO,"HOSSEINI, KHALED","8,26",Muy bueno,1.978,263,Ficción literaria,SALAMANDRA,2006,"Sobre el telón de fondo de un Afganistán respetuoso de sus ricas tradiciones ancestrales, la vida en Kabul durante el invierno de 1975 se desarrolla con toda la intensidad, la pujanza y el colorido de una ciudad confiada en su futuro e ignorante de que se avecina uno de los períodos más cruentos que...
										
									"
14,EL NOMBRE DEL VIENTO,"ROTHFUSS, PATRICK","8,25",Muy bueno,2.583,266,"Fantástica, ciencia ficción",PLAZA & JANÉS,2009,"En una posada en tierra de nadie, un hombre se dispone a relatar, por primera vez, la auténtica historia de su vida. Una historia que únicamente él conoce y que ha quedado diluida tras los rumores, las conjeturas y los cuentos de taberna que le han convertido en un personaje legendario a quien todos...
										
									"
15,EL SEÑOR DE LOS ANILLOS,"TOLKIEN, J.R.R. (John Ronald Reuel Tolkien)","8,23",Muy bueno,2.595,85,"Fantástica, ciencia ficción",MINOTAURO,2002,"Cuatro volúmenes en uno. Incluye los mapas y apéndices originales de J.R.R. Tolkien, y un índice de canciones, nombres de personajes, lugares y cosas. 50 ilustraciones en color de Alan Lee.
										
									"
16,CRIMEN Y CASTIGO,"DOSTOIEVSKII, FIODOR M. (Fiódor Dostoyevski)","8,23",Muy bueno,1.706,132,Clásicos de la literatura,DEBOLSILLO,(200,"Crimen y castigo (1866), considerada por la crítica como la primera obra maestra de Dostoievski, es un profundo análisis psicológico de su protagonista, el joven estudiante Raskolnikov, cuya firme creencia en que los fines humanitarios justifican la maldad le conduce al asesinato de un usurero peter...
										
									"
17,EL SEÑOR DE LOS ANILLOS I. La Comunidad del Anillo,"TOLKIEN, J.R.R. (John Ronald Reuel Tolkien)","8,17",Muy bueno,2.879,74,"Fantástica, ciencia ficción",MINOTAURO,2005,"En la adormecida e idílica Comarca, un joven hobbit recibe un encargo: custodiar el Anillo Único y emprender el viaje para su destrucción en las Grietas del Destino. Acompañado por magos, hombres, elfos y enanos, atravesará la Tierra Media y se internará en las sombras de Mordor, perseguido siempre...
										
									"
18,EL SEÑOR DE LOS ANILLOS II. Las Dos Torres,"TOLKIEN, J.R.R. (John Ronald Reuel Tolkien)","8,17",Muy bueno,2.646,43,"Fantástica, ciencia ficción",MINOTAURO,2006,"La Compañía se ha disuelto y sus integrantes emprenden caminos separados. Frodo y Sam continúan solos su viaje a lo largo del río Anduin, perseguidos por la sombra misteriosa de un ser extraño que también ambiciona la posesión del Anillo. Mientras, hombres, elfos y enanos se preparan para la batalla...
										
									"
19,CHOQUE DE REYES. (CANCIÓN DE HIELO Y FUEGO 2),"MARTIN, GEORGE R.R.","8,15",Muy bueno,2.292,79,"Fantástica, ciencia ficción",GIGAMESH,2006,"Un cometa del color de la sangre hiende el cielo cargado de malos augurios. Y hay razones sobradas para pensar así: los Siete Reinos se ven sacudidos por las luchas intestinas entre los nobles por la sucesión al Trono de Hierro. En la otra orilla del océano, la princesa Daenerys Targaryen conduce a...
										
									"
20,REBELIÓN EN LA GRANJA,"ORWELL, GEORGE","8,14",Muy bueno,2.644,184,Literatura contemporánea,DESTINO,2010,"Rebelión en la granja (1945) es un cuento satírico de George Orwell acerca de un grupo de animales en una granja que expulsan a los humanos y crean un sistema de gobierno propio que acaba convirtiéndose en una tiranía brutal. la novela fue escrita durante la segunda guerra mundial y , aunque fue pub...
										
									"
21,ORGULLO Y PREJUICIO,"AUSTEN, JANE","8,14",Muy bueno,1.761,158,"Romántica, erótica",ALBA,2009,"Con la llegada del rico y apuesto Mr. Darcy a su región, las vidas de los Bennet y sus cinco hijas se vuelven del revés. El orgullo y la distancia social, la astucia y la hipocresía, los malentendidos y los juicios apresurados abocan a sus personajes al escándalo y al dolor, pero también a la compre...
										
									"
22,ENSAYO SOBRE LA CEGUERA,"SARAMAGO, JOSÉ","8,12",Muy bueno,2.356,216,Literatura contemporánea,ALFAGUARA,2009,"Una ceguera blanca se expande de manera fulminante. Internados, en cuarentena o perdidos por la ciudad los ciegos deben enfrentarse a lo más primitivo de la especie humana: la voluntad de sobrevivir a cualquier precio. José Saramago, Premio Nobel de Literatura 1998, teje una aterradora parábola acer...
										
									"
23,HARRY POTTER Y LAS RELIQUIAS DE LA MUERTE,"ROWLING, JOANNE K.","8,11",Muy bueno,2.524,66,Infantil y juvenil,SALAMANDRA,2008,"Harry tiene que realizar una tarea siniestra, peligrosa y aparentemente imposible: el de localizar y de destruir a Horcruxes. Harry nunca se sintió tan sólo ni se enfrentó a un futuro tan incierto. Pero Harry debe encontrar la fuerza necesaria para terminar la tarea que le han dado. Él debe dejar el...
										
									"
24,CUENTOS,"POE, EDGAR ALLAN","8,06",Muy bueno,1.110,30,"Novela negra, intriga, terror",ESPASA,2007,"Edgar Allan Poe (1809-1849) fue uno de los fundadores de la ""literatura de género"", que incluye la ciencia ficción, la literatura de terror y la novela de misterio. En este volumen se han reunido catorce relatos de misterio que muestran la genialidad de uno de los principales narradores norteamerica...
										
									"
25,LOS PILARES DE LA TIERRA,"FOLLETT, KEN","8,04",Muy bueno,4.833,404,Histórica y aventuras,DEBOLSILLO,2021,"El gran maestro de la narrativa de acción y suspense nos transporta a la Edad Media, a un fascinante mundo de reyes, damas, caballeros, pugnas feudales, castillos y ciudades amuralladas. El amor y la muerte se entrecruzan vibrantemente en este magistral tapiz cuyo centro es la construcción de una ca...
										
									"
26,EL RESPLANDOR,"KING, STEPHEN","8,03",Muy bueno,1.054,1,"Novela negra, intriga, terror",DEBOLSILLO,2021,"REDRUM. Esa es la palabra que Danny había visto en el espejo. Y, aunque no sabía leer, entendió que era un mensaje de horror. Danny tenía cinco años, y a esa edad poco niños saben que los espejos invierten las imágenes y menos aún saben diferenciar entre realidad y fantasía. Pero Danny tenía pruebas...
										
									"
27,EL PRINCIPITO,"SAINT-EXUPERY, ANTOINE DE","8,02",Muy bueno,5.167,292,Clásicos de la literatura,SALAMANDRA,2008,"El valor de la amistad, el heroísmo como meta y la responsabilidad como motor de la conducta moral encuentran su plasmación definitiva en el mundo que descubre El principito , añorado planeta del que todos los hombres han sido exiliados y al que sólo mediante la fabulación cabe regresar.
										
									"
28,HAMLET,"SHAKESPEARE, WILLIAM","8,01",Muy bueno,1.445,47,Clásicos de la literatura,ESPASA,2006,"Hamlet, la obra más conocida de Shakespeare, es en realidad una pieza llena de lagunas e indefiniciones. Una obra enigmática y misteriosa, en la que cada personaje es un artista de la simulación. El propio Hamlet es un ser en continua transformación. En él caben la ceremoniosidad, la cortesía y la r...
										
									"
29,HARRY POTTER Y EL PRISIONERO DE AZKABAN,"ROWLING, JOANNE K.","7,99",Muy bueno,2.739,53,Infantil y juvenil,SALAMANDRA,2000,"Por la cicatriz que lleva en la frente, sabemos que Harry Potter no es un niño como los demás, sino el héroe que venció a lord Voldemort, el más temible y maligno mago de todos los tiempos y culpable de la muerte de los padres de Harry. Desde entonces, Harry no tiene más remedio que vivir con sus pe...
										
									"
30,DON QUIJOTE DE LA MANCHA,"CERVANTES, MIGUEL DE","7,98",Muy bueno,1.799,82,Clásicos de la literatura,ESPASA,2007,"Es una edición en dos tomos, con anotación totalmente nueva, realizada por Alberto Blecua, uno de los mejores especialistas en literatura del Siglo de Oro. El primer volumen cuenta también con una extensa Introducción que nos sitúa al autor y a la obra en su contexto histórico, ayudando a entender l...
										
									"
31,LOS RENGLONES TORCIDOS DE DIOS,"LUCA DE TENA, TORCUATO","7,97",Muy bueno,2.720,248,Narrativa,PLANETA,2009,"Alice, investigadora privada, ingresa en un hospital psiquiátrico, simulando una paranoia, a fin de recabar pruebas del caso en el que trabaja. La realidad a la que se enfrentará en su encierro superará sus expectativas. Un mundo desconocido y apasionante se mostrará ante sus ojos. El curso que toma...
										
									"
32,IT (ESO),"KING, STEPHEN","7,95",Muy bueno,1.033,128,"Novela negra, intriga, terror",DEBOLSILLO,2016,"¿Quién o qué mutila y mata a los niños de un pequeño pueblo norteamericano? ¿Por qué llega cíclicamente el horror a Derry en forma de un payaso siniestro que va sembrando la destrucción a su paso? Esto es lo que se proponen averiguar los protagonistas de esta novela. Tras veintisiete años de tranqui...
										
									"
33,EL JUEGO DE ENDER,"CARD, ORSON SCOTT","7,94",Muy bueno,1.225,91,"Fantástica, ciencia ficción",ZETA BOLSILLO,2009,"La Tierra se ve amenazada por la especie extraterrestre delos Insectores, seres que se comunican telepáticamente y que se consideran totalmente distintos de los humanos, a los que quieren destruir. Para vencerlos, la humanidad necesita de un genio militar, y por ello se permite el nacimiento de Ende...
										
									"
34,EL NOMBRE DE LA ROSA,"ECO, UMBERTO","7,93",Muy bueno,2.895,187,"Novela negra, intriga, terror",LUMEN,2015,"Valiéndose de las características de la novela gótica, la crónica medieval y la novela policíaca, El nombre de la rosa narra las investigaciones detectivescas que realiza el fraile franciscano Guillermo de Baskerville para esclarecer los crímenes cometidos en una abadía benedictina en el a...
										
									"
35,HARRY POTTER Y EL MISTERIO DEL PRINCIPE,"ROWLING, JOANNE K.","7,93",Muy bueno,2.424,44,Infantil y juvenil,SALAMANDRA,2006,"Con dieciséis años cumplidos, Harry inicia el sexto curso en Hogwarts en medio de terribles acontecimientos que asolan Inglaterra. Elegido capitán del equipo de Quidditch, los entrenamientos, los exámenes y las chicas ocupan todo su tiempo, pero la tranquilidad dura poco. A pesar de los férreos cont...
										
									"
36,HARRY POTTER Y EL CÁLIZ DE FUEGO,"ROWLING, JOANNE K.","7,9",Muy bueno,2.605,34,Infantil y juvenil,SALAMANDRA,2001,"Tras otro abominable verano con los Dursley, Harry se dispone a iniciar el cuarto curso en Hogwarts, la famosa escuela de magia y hechicería. A sus catorce años, a Harry le gustaría ser un joven mago como los demás y dedicarse a aprender nuevos sortilegios, encontrarse con sus amigos Ron y Hermione...
										
									"
37,DRÁCULA,"STOKER, BRAM","7,9",Muy bueno,1.966,116,"Novela negra, intriga, terror",AUSTRAL,2006,"Novela epistolar, narración en la que se elevan distintas y apasionadas voces, intensa historia de amores y sentimientos, ejemplo indiscutible de novela gótica. El irlandés Bram Stoker no soñaba con que su libro, publicado en 1897, se convertiría en un    clásico una y mil veces visitado y reinterpr...
										
									"
38,EL AMOR EN LOS TIEMPOS DEL CÓLERA,"GARCÍA MÁRQUEZ, GABRIEL","7,89",Muy bueno,2.094,141,Literatura contemporánea,LITERATURA RANDOM HOUSE,2014,"La historia de amor entre Fermina Daza y Florentino Ariza, en el escenario de un pueblecito portuario del Caribe y a lo largo de más de sesenta años, podría parecer un melodrama de amantes contrariados que al final vencen por la gracia del tiempo y la fuerza de sus propios sentimientos, ya que Garcí...
										
									"
39,LA HISTORIA INTERMINABLE,"ENDE, MICHAEL","7,89",Muy bueno,1.980,89,"Fantástica, ciencia ficción",ALFAGUARA,2007,"¿Qué es Fantasia? Fantasia es la Historia Interminable. ¿Dónde está escrita esa historia? En un libro de tapas color cobre. ¿Dónde está ese libro? Entonces estaba en el desván de un colegio... Estas son las tres preguntas que formulan los Pensadores Profundos, y las tres sencillas respuestas que rec...
										
									"
40,EL MÉDICO,"GORDON, NOAH","7,88",Muy bueno,2.840,206,Histórica y aventuras,ROCA,2009,"Esta fascinante novela describe la pasión de un hombre del siglo XI por vencer la enfermedad y la muerte, aliviar el dolor de sus semejantes e impartir el don casi místico de sanar que le ha sido otorgado. Es la crónica del increíble viaje del joven Rob Cole, de su lucha contra la enfermedad y la mu...
										
									"
41,A SANGRE FRÍA,"CAPOTE, TRUMAN","7,87",Muy bueno,1.151,95,No Ficción,ANAGRAMA,2007,"El 15 de noviembre de 1959, en un pueblecito de Kansas, los cuatro miembros de la familia Clutter fueron salvajemente asesinados en su casa. Los crímenes eran, aparentemente, inmotivados, y no se encontraron claves que permitieran identificar a los asesinos. Cinco años después, Dick Hickcock y Perry...
										
									"
42,LOS JUEGOS DEL HAMBRE,"COLLINS, SUZANNE","7,86",Muy bueno,2.336,167,Infantil y juvenil,MOLINO,2009,"Un pasado de guerras ha dejado los 12 distritos que dividen Panem bajo el poder tiránico del ""Capitolio"". Sin libertad y en la pobreza, nadie puede salir de los límites de su distrito. Sólo una chica de 16 años, Katniss Everdeen, osa desafiar las normas para conseguir comida. Sus principios se pondr...
										
									"
43,LEGADO EN LOS HUESOS. Trilogía del Baztán 2,"REDONDO, DOLORES","7,86",Muy bueno,1.069,94,"Novela negra, intriga, terror",DESTINO,2013,"El juicio contra el padrastro de la joven Johana Márquez está a punto de comenzar. A él asiste una embarazada Amaia Salazar, la inspectora de la policía foral que un año atrás había resuelto los crímenes del llamado basajaun, que sembraron de terror el valle del Baztán. Amaia también había reunido l...
										
									"
44,LA VERDAD SOBRE EL CASO HARRY QUEBERT,"DICKER, JOËL","7,85",Muy bueno,2.168,323,"Novela negra, intriga, terror",ALFAGUARA,2013,"Quién mató a Nola Kellergan es la gran incógnita a desvelar en esta incomparable historia policiaca cuya experiencia de lectura escapa a cualquier intento de descripción. Intentémoslo:   Una novela de suspense a tres tiempos —1975, 1998 y 2008— acerca del asesinato de una joven de quince...
										
									"
45,DANZA DE DRAGONES. (CANCIÓN DE HIELO Y FUEGO 5),"MARTIN, GEORGE R.R.","7,85",Muy bueno,1.424,65,"Fantástica, ciencia ficción",GIGAMESH,2012,"""Danza de dragones"" es el quinto libro de la saga ""Canción de hielo y fuego"". Narra los acontecimientos posteriores al tercer libro ""Tormenta de espadas"", simultáneos a los acaecidos en el cuarto, ""Festín de cuervos"". La Guerra de los Cinco Reyes parece que decae. En el Norte, el Rey Stannis Barathe...
										
									"
46,LA CAÍDA DE LOS GIGANTES. (The Century 1),"FOLLETT, KEN","7,84",Muy bueno,1.381,124,Histórica y aventuras,PLAZA & JANÉS,2010,"Ken Follet regresa con la trilogía The Century, donde combina la ambientación épica y el drama humano, sello distintivo en sus obras, a una escala nunca antes concebida, ni siquiera por él. Con la misma habilidad que en sus best sellers ambientados en la Edad Media, en The Century, sigue los destino...
										
									"
47,VEINTE POEMAS DE AMOR Y UNA CANCIÓN DESESPERADA,"NERUDA, PABLO","7,84",Muy bueno,1.257,33,"Poesía, teatro",ESPASA,2007,"Los Veinte poemas son un libro doloroso y pastoril que contiene mis más atormentadas pasiones adolescentes, mezcladas con la naturaleza arrolladora del sur de mi patria. Es un libro de amor porque a pesar de su aguda melancolía está presente en él el goce de la existencia. Con estas palabras define...
										
									"
48,LA SOMBRA DEL VIENTO (El Cementerio de los Libros Olvidados 1),"RUIZ ZAFÓN, CARLOS","7,82",Muy bueno,5.494,483,Narrativa,PLANETA,2006,"Un amanecer de 1945 un muchacho es conducido por su padre a un misterioso lugar oculto en el corazón de la ciudad vieja: El Cementerio de los Libros Olvidados. Allí, Daniel Sempere encuentra un libro maldito que cambiará el rumbo de su vida y le arrastrará a un laberinto de intrigas y secretos enter...
										
									"
49,DIEZ NEGRITOS,"CHRISTIE, AGATHA","7,82",Muy bueno,2.061,158,"Novela negra, intriga, terror",ESPASA,2015,"Diez personas reciben cartas firmadas por un desconocido invitándolas a pasar unos días en su mansión situada en uno de los islotes de la costa de Devon. En la primera noche, después de la cena, una voz les acusa a todos de un pasado culpable.
										
									"
50,HARRY POTTER Y LA ÓRDEN DEL FÉNIX,"ROWLING, JOANNE K.","7,79",Muy bueno,2.452,33,Infantil y juvenil,SALAMANDRA,2003,"Las tediosas vacaciones en casa de sus tíos todavía no han acabado y Harry se encuentre más inquieto que nunca. Apenas ha tenido nocitias de Ron y Hermiones, y presiente que algo extraño está sucediendo en Hogwarts. En efecto, cuando por fin comienza otro curso en el famoso colegio de magia y hechic...
										
									"
51,LA CASA DE LOS ESPÍRITUS,"ALLENDE, ISABEL","7,76",Muy bueno,2.647,151,Narrativa,DEBOLSILLO,2009,"Primera novela de Isabel Allende, La casa de los espíritus narra la saga de una poderosa familia de terratenientes latinoamericanos. El despótico patriarca Esteban Trueba ha construido con mano de hierro un imperio privado que empieza a tambalearse con el paso del tiempo y un entorno social explosiv...
										
									"
52,DIME QUIÉN SOY,"NAVARRO, JULIA","7,76",Muy bueno,1.383,195,Narrativa,PLAZA & JANÉS,2010,"Un periodista recibe una propuesta para investigar la azarosa vida de su bisabuela, una mujer de la que sólo se sabe que huyó de España abandonando a su marido y a su hijo poco antes de que estallara la Guerra Civil. Para rescatarla del olvido deberá reconstruir su historia desde los cimientos, sigu...
										
									"
53,HARRY POTTER Y LA PIEDRA FILOSOFAL,"ROWLING, JOANNE K.","7,74",Muy bueno,2.895,103,Infantil y juvenil,SALAMANDRA,2014,"Harry Potter se ha quedado huérfano y vive en casa de sus abominables tíos y del insoportable primo Dudley. Harry se siente muy triste y solo, hasta que un buen día recibe una carta que cambiará su vida para siempre. En ella le comunican que ha sido aceptado como alumno en el colegio interno Hogwart...
										
									"
54,UN MUNDO FELIZ,"HUXLEY, ALDOUS","7,74",Muy bueno,2.654,119,Literatura contemporánea,EDHASA,2007,"Un mundo feliz es posiblemente la novela más leída de Huxley, y su influencia es evidente tanto en buena parte de la novela de ciencia ficción de calidad como en las novelas filosóficas. Presenta un mundo en el que el Estado controla hasta el más mínimo detalle de la vida de los individuos, a los qu...
										
									"
55,EL RETRATO DE DORIAN GRAY,"WILDE, OSCAR","7,74",Muy bueno,2.454,173,Clásicos de la literatura,AUSTRAL,2010,"Cuando se publicó El retrato de Dorian Gray, la crítica moralizante no dejó de acusar a su protagonista de ser una figura satánica, corrompida y corruptora, sin comprender que era el héroe de una novela que reflejaba la fatalidad de los románticos. Oscar Wilde (1854-1900) había querido hacer de la b...
										
									"
56,LA LADRONA DE LIBROS,"ZUSAK, MARKUS","7,74",Muy bueno,1.591,209,Histórica y aventuras,LUMEN,2007,"En plena II Guerra Mundial, la pequeña Liesel hallará su salvación en la lectura. Una novela preciosa, tremendamente humana y emocionante, que describe las peripecias de una niña alemana de nueve años desde que es dada en adopción por su madre hasta el final de la guerra. Su nueva familia, gente sen...
										
									"
57,EL HOBBIT,"TOLKIEN, J.R.R. (John Ronald Reuel Tolkien)","7,72",Muy bueno,2.770,113,"Fantástica, ciencia ficción",MINOTAURO,1993,"Smaug parecía profundamente dormido cuando Bilbo espió una vez más desde la entrada. ¡Pero fingía estar dormido! ¡Estaba vigilando la entrada del túnel!... Sacado de su cómodo agujero-hobbit por Gandalf y una banda de enanos, Bilbo se encuentra de pronto en medio de una conspiración que pretende apo...
										
									"
58,CUMBRES BORRASCOSAS,"BRONTE, EMILY","7,7",Muy bueno,1.645,132,Clásicos de la literatura,ALIANZA,2017,"La poderosa y hosca figura de Heathcliff domina Cumbres Borrascosas, novela apasionada y tempestuosa cuya sensibilidad se adelantó a su tiempo. Los brumosos y sombríos páramos de Yorkshire son el singular escenario donde se desarrolla con fuerza arrebatadora esta historia de venganza y odio, de pasi...
										
									"
59,EL PSICOANALISTA,"KATZENBACH, JOHN","7,68",Muy bueno,1.929,325,"Novela negra, intriga, terror",EDICIONES B,2012,"«Feliz aniversario, doctor. Bienvenido al primer día de su muerte.» Así comienza el anónimo que recibe el psicoanalista Frederick Starks, y que le obliga a emplear toda su astucia y rapidez para, en quince días, averiguar quién es el autor de esa amenazadora misiva que promete hacerle la vida imposi...
										
									"
60,EL TÚNEL,"SABATO, ERNESTO","7,67",Muy bueno,1.032,89,Narrativa,SEIX BARRAL,2007,"Juan Pablo Castel es un pintor recluido en prisión por el asesinato de María Iribarne. Durante su encierro rememora la cadena de acontecimientos que le llevaron a perder el control, a convertirse en un hombre con el interior oscuro, un hombre poseído por una insalvable soledad, la de la ausencia de...
										
									"
61,FAHRENHEIT 451,"BRADBURY, RAY","7,65",Muy bueno,1.509,23,"Fantástica, ciencia ficción",MINOTAURO,2020,"Fahrenheit 451: la temperatura a la que el papel se enciende y arde.Guy Montag es un bombero y el trabajo de un bombero es quemar libros, que están prohibidos porque son causa de discordia y sufrimiento. El Sabueso Mecánico del Departamento de Incendios, armado con una letal inyección hipodérmica, e...
										
									"
62,FESTÍN DE CUERVOS. (CANCIÓN DE HIELO Y FUEGO 4),"MARTIN, GEORGE R.R.","7,64",Muy bueno,1.574,60,"Fantástica, ciencia ficción",GIGAMESH,2007,"Mientras los vientos del otoño desnudan los árboles, las últimas cosechas se pudren en los pocos campos que no han sido devastados por la guerra, y por los ríos teñidos de rojo bajan cadáveres de todos los blasones y estirpes. Y aunque casi todo Poniente yace extenuado, en diversos rincones florecen...
										
									"
63,ASESINATO EN EL ORIENT EXPRESS,"CHRISTIE, AGATHA","7,64",Muy bueno,1.374,77,"Novela negra, intriga, terror",ESPASA,2015,"En un lugar aislado de la antigua Yugoslavia, en plena madrugada, una fuerte tormenta de nieve obstaculiza la línea férrea por donde circula el Orient Express. Procedente de la exótica Estambul, en él viaja el detective Hércules Poirot, que repentinamente se topa con uno de los casos más desconcerta...
										
									"
64,EN LLAMAS. Los juegos del hambre 2,"COLLINS, SUZANNE","7,63",Muy bueno,1.898,101,Infantil y juvenil,MOLINO,2010,"Contra todo prónostico, Katniss ha ganado Los Juegos del Hambre. Es un milagro que ella y su compañero del Distrito 12, Peeta Mellark, sigan vivos. Katniss debería sentirse aliviada, incluso contenta, ya que, al fin y al cabo, ha regresado con su familia y su amigo de toda la vida, Gale. Sin embargo...
										
									"
65,EL CLAN DEL OSO CAVERNARIO (LOS HIJOS DE LA TIERRA I),"AUEL, JEAN MARIE","7,62",Muy bueno,1.405,93,Histórica y aventuras,MAEVA,2008,"Primer título de la serie Los Hijos de la Tierra. Narra como Ayla, una niña Cromagnon de 5 años, queda aislada de su tribu por culpa de un terremoto. Pese a ser de una estirpe más desarrollada, es acogida por un grupo de Neardentales, que basa sus razonamientos y comportamientos en las experiencias...
										
									"
66,LA ISLA DEL TESORO,"STEVENSON, ROBERT LOUIS","7,62",Muy bueno,1.358,69,Clásicos de la literatura,ALIANZA,2011,"Las peripecias de Jim Hawkins, del capitán Smollet, de Long John Silver y el resto de los tripulantes de la ""Española"" han significado para varias generaciones no sólo la cristalización de los sueños juveniles de aventuras, sino también la realización literaria del ansia de escapismo que anida en to...
										
									"
67,LOS HOMBRES QUE NO AMABAN A LAS MUJERES (MILLENNIUM I),"LARSSON, STIEG","7,6",Muy bueno,3.533,252,"Novela negra, intriga, terror",DESTINO,2008,"Harriet Vanger desapareció hace treinta y seis años en una isla sueca propiedad de su poderosa familia. A pesar del despliegue policial, no se encontró ni rastro de la muchacha. ¿Se escapó? ¿Fue secuestrada? ¿Asesinada? El caso está cerrado y los detalles olvidados. Pero su tío Henrik Vanger, un emp...
										
									"
68,BAJO LA MISMA ESTRELLA,"GREEN, JOHN","7,59",Muy bueno,1.031,151,Infantil y juvenil,NUBE DE TINTA,2012,"A Hazel y a Gus les gustaría tener vidas más corrientes. Algunos dirían que no han nacido con estrella, que su mundo es injusto. Hazel y Gus son solo adolescentes, pero si algo les ha enseñado el cáncer que ambos padecen es que no hay tiempo para lamentaciones, porque, nos guste o no, solo existe el...
										
									"
69,HARRY POTTER Y LA CÁMARA SECRETA,"ROWLING, JOANNE K.","7,58",Muy bueno,2.485,45,Infantil y juvenil,SALAMANDRA,2014,"Tras derrotar una vez más a Lord Voldemort, su siniestro enemigo en Harry Potter y la piedra filosofal, Harry espera impaciente en casa de sus insoportables tíos el inicio del segundo curso del Colegio Hogwarts de Magia y Hechicería. Sin embargo, la espera dura poco, pues un elfo aparece en su habit...
										
									"
70,RIMAS Y LEYENDAS,"BÉCQUER, GUSTAVO ADOLFO","7,58",Muy bueno,1.730,39,Clásicos de la literatura,PENGUIN,2016,"Las Rimas de Bécquer son hoy la más conocida de las colecciones poéticas del siglo XIX. Exponente de una lírica incómoda en el corsé romántico y casi modernista, estos poemas breves deben su liviandad a un esforzado trabajo de depuración estilística. A su vez, las Leyendas son narraciones fantástica...
										
									"
71,EL LOBO ESTEPARIO,"HESSE, HERMANN","7,56",Muy bueno,1.038,78,Literatura contemporánea,ALIANZA,2006,"Encrucijada de todas las obsesiones e intuiciones de HERMANN HESSE (1887-1962) y exponente de su singular talento para el relato, EL LOBO ESTEPARIO se inscribe dentro del empeño, patente a lo largo de toda su obra, por iluminar la zona oscura de la condición humana a fin de poner al descubierto su c...
										
									"
72,EL TIEMPO ENTRE COSTURAS,"DUEÑAS, MARÍA","7,54",Muy bueno,1.921,219,Narrativa,TEMAS DE HOY,2009,"La joven modista Sira Quiroga abandona Madrid en los meses previos al alzamiento, arrastrada por el amor desbocado hacia un hombre a quien apenas conoce. Juntos se instalan en Tánger, una ciudad mundana, exótica y vibrante donde todo lo impensable puede hacerse realidad. Incluso, la traición y el ab...
										
									"
73,EL EXTRANJERO,"CAMUS, ALBERT","7,54",Muy bueno,1.162,80,Literatura contemporánea,ALIANZA,2013,"Con motivo del centenario del nacimiento de Albert Camus y setenta años después de la aparición en Francia de una de las novelas más representativas y leídas del pasado siglo, una edición especial en gran formato ilustrada por el famoso dibujante argentino JOSÉ MUÑOZ, discípulo de Hugo Pratt y cread...
										
									"
74,EL PRISIONERO DEL CIELO (El Cementerio de los Libros Olvidados 3),"RUIZ ZAFÓN, CARLOS","7,53",Muy bueno,1.245,98,Narrativa,PLANETA,2011,"Barcelona, 1957. Daniel Sempere y su amigo Fermín, los héroes de La Sombra del Viento, regresan de nuevo a la aventura para afrontar el mayor desafío de sus vidas. Justo cuando todo empezaba a sonreírles, un inquietante personaje visita la librería de Sempere y amenaza con desvelar un terrible secre...
										
									"
75,LA CASA DE BERNARDA ALBA,"GARCÍA LORCA, FEDERICO","7,52",Muy bueno,1.240,33,"Poesía, teatro",AUSTRAL,2010,"La casa de Bernarda Alba fue la última obra de teatro que Lorca dejó terminada, pero no llegaría a verla representada. El poeta, además, nunca comentó nada sobre ella, por lo que se presenta como una de sus piezas más enigmáticas. Su lectura ha estado sesgada por interpretaciones de corte político q...
										
									"
76,LA INSOPORTABLE LEVEDAD DEL SER,"KUNDERA, MILAN","7,51",Muy bueno,1.391,85,Literatura contemporánea,TUSQUETS,2007,"Esta es una extraordinaria historia de amor, o sea de celos, de sexo, de traiciones, de muerte y también de las debilidades y paradojas de la vida cotidiana de dos parejas cuyos destinos se entrelazan irremediablemente. Guiado por la asombrosa capacidad de Milan Kundera de contar con cristalina clar...
										
									"
77,CRÓNICA DE UNA MUERTE ANUNCIADA,"GARCÍA MÁRQUEZ, GABRIEL","7,49",Muy bueno,2.831,128,Literatura contemporánea,DEBOLSILLO,2003,"Acaso sea Crónica de una muerte anunciada la obra más «realista» de Gabriel García Márquez, pues se basa en un hecho histórico acontecido en la tierra natal de escritor. Cuando empieza la novela, ya se saber que los hermanos Vicario van a matara a Santiago Nasar -de hecho ya le han matado- para veng...
										
									"
78,UN MUNDO SIN FIN. Los pilares de la Tierra 2,"FOLLETT, KEN","7,49",Muy bueno,2.016,155,Histórica y aventuras,PLAZA & JANÉS,2007,"Dieciséis años después de la publicación de Los pilares de la Tierra, Ken Follet vuelve al fascinante mundo de Kingsbridge para presentar a sus lectores una magnífica saga épica marcada por el amor, la guerra y la peste. Los pilares de la Tierra narra los acontecimientos de la ciudad inglesa de King...
										
									"
79,TOKIO BLUES (NORWEGIAN WOOD),"MURAKAMI, HARUKI","7,49",Muy bueno,1.617,130,"Romántica, erótica",TUSQUETS,2007,"Una historia de amor triangular que se convierte en el relato de una educación sentimental pero también de las pérdidas que implica toda maduración. Toru Watanabe, un ejecutivo de 37 años, escucha casualmente mientras aterriza en un aeropuerto europeo una vieja canción de los Beatles, y la música le...
										
									"
80,LA CONJURA DE LOS NECIOS,"TOOLE, JOHN KENNEDY","7,49",Muy bueno,1.500,115,Literatura contemporánea,ANAGRAMA,2013,"En este libro todo es extraordinario, empezando por su historia. Escrito a principios de los años 60, el autor no pudo conseguir que se editara; creyéndose un escritor frustrado se suicidó en 1969, a los 32 años. Su madre siguió intentando infatigablemente    su publicación, lo que no consiguió hast...
										
									"
81,EL EXTRAÑO CASO DEL DR. JEKYLL Y MR. HYDE,"STEVENSON, ROBERT LOUIS","7,49",Muy bueno,1.094,52,Clásicos de la literatura,NÓRDICA,2010,"En sus cuadernos, el Dr. Jekyll confiesa que en su juventud consiguió una poción que lograba transformar a una persona en uno solo de sus polos opuestos. Así, cada vez que Jekyll tomaba la poción, se metamorfoseaban en Hyde, un verdadero asesino y misántropo. Un día, Poole, el mayordomo del Dr. Jeky...
										
									"
82,ALICIA EN EL PAÍS DE LAS MARAVILLAS,"CARROLL, LEWIS","7,48",Muy bueno,1.184,42,Clásicos de la literatura,ALIANZA,2010,"Escrito en 1865, es un clásico no sólo de la literatura juvenil, sino de la literatura en general. Popularizado por las decenas de versiones que de él se han llevado a cabo, el relato que el reverendo Charles Dodgson, verdadero nombre de LEWIS CARROLL, escribiera para la niña Alicia Liddell, de diez...
										
									"
83,MADAME BOVARY,"FLAUBERT, GUSTAVE","7,48",Muy bueno,1.035,68,Clásicos de la literatura,SIRUELA,2014,"La soñadora Emma, una joven de provincias casada con Charles Bovary, quien la ama pero es incapaz de comprenderla y satisfacerla, buscará la realización de sus sueños en otros amores, pasionales, platónicos..., pero ninguno de ellos logrará calmar su desesperada ansiedad y sus románticas inquietudes...
										
									"
84,EL GUARDIÁN INVISIBLE. Trilogía del Baztán 1,"REDONDO, DOLORES","7,47",Muy bueno,1.518,210,"Novela negra, intriga, terror",DESTINO,2013,"«Ainhoa Elizasu fue la segunda víctima del basajaun, aunque entonces la prensa todavía no lo llamaba así. Fue un poco más tarde cuando trascendió que alrededor de los cadáveres aparecían pelos de animal, restos de piel y rastros dudosamente humanos, unidos a una especie de fúnebre ceremonia de purif...
										
									"
85,MEMORIAS DE UNA GEISHA,"GOLDEN, ARTHUR","7,46",Muy bueno,1.692,100,Ficción literaria,SUMA DE LETRAS,2006,"En esta maravillosa novela escuchamos las confesiones de Sayuri, una de las más hermosas geishas del Japón de entreguerras, un país en el que aún resonaban los ecos feudales y donde las tradiciones ancestrales empezaban a convivir con los modos occidentales. De la mano de Sayuri entraremos un mundo...
										
									"
86,LA METAMORFOSIS,"KAFKA, FRANZ","7,43",Muy bueno,2.851,132,Literatura contemporánea,ALIANZA,2011,"Al despertar Gregorio Samsa una mañana, tras un sueño intranquilo, encontróse en su cama convertido en un monstruoso insecto. Tal es el abrupto comienzo, que nos sitúa de raíz bajo unas reglas distintas, de LA METAMORFOSIS, sin duda alguna la obra de Franz Kafka (1883-1924) que ha alcanzado mayor ce...
										
									"
87,EL PERFUME,"SÜSKIND, PATRICK","7,41",Muy bueno,3.676,237,"Novela negra, intriga, terror",SEIX BARRAL,2007,"Uno de los grandes fenómenos editoriales a escala mundial ahora llevado al cine. Para conseguir el favor de las damas y el dominio de los poderosos, Baptiste elabora un raro perfume que subyuga la voluntad de quien lo huele. La esencia proviene de los fluidos de jovencitas vírgenes y para conseguirl...
										
									"
88,LA CHICA QUE SOÑABA CON UNA CERILLA Y UN BIDÓN DE GASOLINA (MILLENNIUM II),"LARSSON, STIEG","7,41",Muy bueno,2.657,139,"Novela negra, intriga, terror",DESTINO,2008,"Lisbeth Salander se ha tomado un tiempo: necesita apartarse del foco de atención y salir de Estocolmo. Trata de seguir una férrea disciplina y no contestar a las llamadas y mensajes de un Mikael que no entiende por qué ha desaparecido de su vida sin dar ningún tipo de explicación. Las heridas del am...
										
									"
89,COMO AGUA PARA CHOCOLATE,"ESQUIVEL, LAURA","7,33",Muy bueno,1.615,99,"Romántica, erótica",DEBOLSILLO,2016,"No siempre tenemos a mano los ingredientes de la felicidad. Tita lo había aprendido desde pequeña, cuando crecía en la cocina con Nacha y se le negaba toda posibilidad de vida propia desde su nacimiento. Pero lo que también aprendió Tita es que los ingredientes no son lo más importante para cocinar...
										
									"
90,LA REINA EN EL PALACIO DE LAS CORRIENTES DE AIRE (MILLENNIUM III),"LARSSON, STIEG","7,32",Muy bueno,2.166,101,"Novela negra, intriga, terror",DESTINO,2009,"Tercera y esperada entrega de la saga Millennium. Los lectores que llegaron con el corazón en un puño al final de La chica que soñaba con una cerilla y un bidón de gasolina quizás prefieran no seguir leyendo estas líneas y descubrir por sí mismos cómo sigue la serie y, sobre todo, qué le sucede a Li...
										
									"
91,SINSAJO. Los juegos del hambre 3,"COLLINS, SUZANNE","7,32",Muy bueno,1.741,102,Infantil y juvenil,MOLINO,2010,"Katniss Everdeen, ha sobrevivido de nuevo a LOS JUEGOS, aunque no queda nada de su hogar. Gale ha escapado. Su familia está a salvo. El Capitolio ha capturado a Peeta. El Distrito 13 existe de verdad. Hay rebeldes. Hay nuevos líderes. Están en plena revolución. El plan de rescate para sacar a Katnis...
										
									"
92,EL SEÑOR DE LAS MOSCAS,"GOLDING, WILLIAM","7,29",Muy bueno,1.408,79,Narrativa,ALIANZA,2006,"Premio Nobel de Literatura 1983. Fábula moral acerca de la condición humana, El señor de las moscas es además un prodigioso relato literario susceptible de lecturas diversas y aun opuestas. Si para unos la parábola que William Golding estructura en torno a la situación límite de una treintena de muc...
										
									"
93,LA CATEDRAL DEL MAR,"FALCONES, ILDEFONSO","7,27",Muy bueno,3.086,274,Histórica y aventuras,GRIJALBO,2006,"La Barcelona medieval en tiempos de la construcción del templo de Santa María del Mar conforma el escenario de esta soberbia recreación histórica repleta de intriga, violencia y pasión, en un tiempo convulsionado por las rebeliones contra las injusticias y feudales, el antijudaísmo, los conflictos d...
										
									"
94,EL VIEJO Y EL MAR,"HEMINGWAY, ERNEST","7,27",Muy bueno,1.376,109,Literatura contemporánea,DEBOLSILLO,2003,"Escrito por encargo de la revista Life, y más tarde llevada al cine con un magnífico Spencer Tracy, que encarnaba a este viejo pescador falto de suerte, que, como última carta del destino, se juega a vida y muerte en alta mar. El hombre enfrentado a su límite, la tragedia esencial de la obra y la vi...
										
									"
95,MARINA,"RUIZ ZAFÓN, CARLOS","7,25",Muy bueno,1.278,109,Narrativa,PLANETA,2007,"Marina nos desvela el secreto del personaje Oscar Drai, que tras años de huir de su gran aventura de joven, decide volver a su ciudad natal Barcelona para contarnos una historia de amor que nunca dejará de atormentarle. La historia transcurre en un corto espacio de tiempo, para ser más exactos de fi...
										
									"
96,EL CURIOSO INCIDENTE DEL PERRO A MEDIANOCHE,"HADDON, MARK","7,21",Muy bueno,1.282,93,Narrativa,QUINTETO,2007,"El curioso incidente del perro a medianoche es una novela que se parece a ninguna otra. Elegiada con entusiaso por autores consagrados como Oliver Sacks e Ian McEwan, ha merecido la aprobación masiva de los lectores en todos los países donde se ha publicado, además de galardones como el Premio Whtib...
										
									"
97,EL DIARIO DE ANA FRANK,"FRANK, ANA","7,19",Muy bueno,2.195,109,"Biografías, Memorias",DEBOLSILLO,2007,"Tras la invasión de Holanda, los Frank, comerciantes judíos alemanes emigrados a Amsterdam en 1933, se ocultaron de la Gestapo en una buhardilla anexa al edificio donde el padre de Ana tenía sus oficinas. Eran ocho personas y permanecieron recluidas desde junio de 1942 hasta agosto de 1944, fecha en...
										
									"
98,LAZARILLO DE TORMES,ANÓNIMO,"7,12",Muy bueno,1.885,42,Clásicos de la literatura,CÁTEDRA,2006,"En 1554 se publica una novela ciertamente singular. Su título es «Lazarillo de Tormes» y su autor permanece, hasta hoy, desconocido. Por primera vez, un personaje de baja extracción cuenta su vida en primera persona. No se trata de un adulto, de un caballero, de un príncipe, de un soldado o de un pa...
										
									"
